iter	TotalF1	MultiClass
0	0.6121685719	1.543894097
1	0.6598185436	1.483630208
2	0.701583963	1.427755295
3	0.7214263062	1.376266493
4	0.7312765071	1.329187413
5	0.7442221157	1.287933507
6	0.7539952323	1.250247743
7	0.7608189765	1.21459592
8	0.7662868555	1.181821962
9	0.7702349958	1.151836979
